w1,w2,w3,succ,fail,skip,attack_contradiction_rate,avg_sentence_bert_similarity,loss
0.37660561067557147,0.11612124000802808,0.5072731493164004,428.0,61.0,11.0,0.505,0.916,-0.42223390593047033
0.23891177894899882,0.21538808236205007,0.5457001386889511,430.0,59.0,11.0,0.505,0.915,-0.42276140081799596
0.4434853621339756,0.11595392457102564,0.44056071329499885,427.0,62.0,11.0,0.511,0.916,-0.41622665848670753
0.03148373182737132,0.5177375600990407,0.45077870807358794,427.0,62.0,11.0,0.539,0.911,-0.38827365848670753
0.34715629504278456,0.1973411354322408,0.45550256952497464,428.0,61.0,11.0,0.514,0.916,-0.41398990593047036
