w1,w2,w3,succ,fail,skip,attack_contradiction_rate,avg_sentence_bert_similarity,loss
0.5044129450563329,0.2828601394458929,0.21272691549777414,2.0,0.0,1.0,0.0,0.897,-0.897
0.40828486868807695,0.3711486517978581,0.2205664795140649,2.0,0.0,1.0,0.0,0.898,-0.898
